{"timing_s/ref":18.53555573988706,"critic/advantages/mean":-0.00024832747294567525,"actor/lr":1e-06,"prompt_length/max":3032,"critic/score/min":-1,"perf/time_per_step":182.70737784542143,"_step":1,"global_seqlen/min":149059,"critic/rewards/mean":-0.9774999618530273,"prompt_length/mean":2822.734375,"perf/throughput":837.2903535916713,"critic/returns/mean":-0.00024832747294567525,"actor/pg_loss":0.05502713695168495,"timing_s/step":182.70737784542143,"_wandb":{"runtime":607},"global_seqlen/balanced_min":152970,"actor/ppo_kl":0,"critic/advantages/min":-0.4472125768661499,"timing_per_token_ms/gen":0.2638923202757945,"critic/rewards/max":0.05000000074505806,"timing_s/adv":0.4042011792771518,"critic/rewards/min":-1,"timing_per_token_ms/update_actor":0.05174952711615041,"critic/returns/min":-0.4472125768661499,"prompt_length/clip_ratio":0,"global_seqlen/max":159335,"_timestamp":1.748977619887628e+09,"prompt_length/min":2685,"_runtime":607.901058689,"timing_per_token_ms/adv":0.000330274783632368,"actor/grad_norm":0.1477767825126648,"critic/advantages/max":1.7888505458831787,"timing_s/old_log_prob":15.810251611284912,"actor/entropy_loss":0.5880536511540413,"actor/pg_clipfrac":0,"response_length/min":264,"perf/max_memory_reserved_gb":36.51953125,"actor/kl_loss":0.0012081429595127702,"global_seqlen/balanced_max":153003,"global_seqlen/mean":152979.125,"val/test_score/cell_data":-0.9956956956912209,"global_seqlen/minmax_diff":10276,"response_length/clip_ratio":0.02187499962747097,"perf/total_num_tokens":1223833,"timing_per_token_ms/ref":0.015145494311631619,"perf/mfu/actor":0.3900999239247218,"critic/score/mean":-0.9774999618530273,"perf/max_memory_allocated_gb":28.445563316345215,"timing_s/gen":84.59279440296814,"response_length/max":3000,"critic/score/max":0.05000000074505806,"response_length/mean":1001.7437744140625,"timing_s/update_actor":63.33277901913971,"actor/kl_coef":0.001,"perf/cpu_memory_used_gb":95.90628433227539,"critic/returns/max":1.7888505458831787}